-- Your SQL goes here
INSERT INTO "user" ("id", "username", "email", "description", "profile_pic_url", "premium_expiration", "password_hash", "created_at", "deleted_at") VALUES
                                                                                                                                                        ('43d1d678-521e-4194-a5d6-59ecc89931ea',	'Virgin_Fucker',	'virgin@proton.me',	'',	'https://upload.wikimedia.org/wikipedia/commons/thumb/3/3b/Paulina_Lenik_%281991-%29.jpg/640px-Paulina_Lenik_%281991-%29.jpg',	NULL,	'$argon2i$v=19$m=65536,t=3,p=1$D9fV7Hou1PAIRaNVmJG4zQ$c5UkmRuSre9OJ7K0Tz8KnRCqdRio1Dc4SoAnHnp6ug0',	'2024-01-14 20:16:27.644297+00',	NULL),
                                                                                                                                                        ('d9b7e061-9966-4d0e-a90f-aa9895063384',	'Petr Novak',	'novak@seznam.cz',	'        WHAT IS THIS PLACE??',	'https://upload.wikimedia.org/wikipedia/commons/thumb/a/a0/Michael_Belozerov.jpg/640px-Michael_Belozerov.jpg',	NULL,	'$argon2i$v=19$m=65536,t=3,p=1$+Eo6hcpu2oM60PLgZF2SWw$KPH3ealzISV/99hfruH6Dmepw6r5ofwxLJabXw1SmhA',	'2024-01-14 20:17:32.219782+00',	NULL),
                                                                                                                                                        ('43373b52-3c4e-444f-a609-d7fccebe8e81',	'FishFucker69',	'write.for.fish@gmail.com',	'Video theft is not theft!',	'https://upload.wikimedia.org/wikipedia/commons/thumb/e/ea/Anthony_Perkins_Person_to_Person_2.png/640px-Anthony_Perkins_Person_to_Person_2.png',	'2024-02-13 20:14:23.075062+00',	'$argon2i$v=19$m=65536,t=3,p=1$RO33Le5iug6lN042jaHpNA$PNit/Fqe6yyzkV0XYOnD/fJ1QPLfS4dVgZnDCObtV+g',	'2024-01-14 20:02:35.827266+00',	NULL),
                                                                                                                                                        ('58a4680d-01e8-44f6-877e-5e6c8a080106',	'Miss_Priscila',	'miss_priscila@email.cz',	'',	'https://upload.wikimedia.org/wikipedia/commons/thumb/7/76/Pragya_Nagra.jpg/640px-Pragya_Nagra.jpg',	NULL,	'$argon2i$v=19$m=65536,t=3,p=1$SmHK2g4cKkJGs4ju0/UE3A$+1dFgMWZcldrq9wxriwqkGXe2IeeyabEIZFt3fPIJEU',	'2024-01-14 20:24:48.469619+00',	NULL);

INSERT INTO "video" ("id", "author_id", "title", "description", "url", "views", "length", "is_premium", "uploaded_at", "deleted_at") VALUES
                                                                                                                                         ('d522f3cb-2946-48b5-bc96-6f87384f4b1e',	'43373b52-3c4e-444f-a609-d7fccebe8e81',	'Big round Mother',	'For those who like them big and round',	'http://storage.bunnycdn.com/test-zone123',	1,	0,	'f',	'2024-01-14 20:12:42.98589+00',	NULL),
                                                                                                                                         ('86379077-e785-446a-831a-522e0dda0ff5',	'43373b52-3c4e-444f-a609-d7fccebe8e81',	'Bunny and Animal friends',	'Bunny should not come out today!',	'http://storage.bunnycdn.com/test-zone123',	100024,	15,	't',	'2024-01-14 20:04:43.13968+00',	NULL),
                                                                                                                                         ('7c48bcf2-b8b8-4088-86a4-8d4822d9a231',	'58a4680d-01e8-44f6-877e-5e6c8a080106',	'Lady stuff',	'Lady doing shit!',	'http://storage.bunnycdn.com/test-zone123',	69420,	0,	'f',	'2024-01-14 20:25:40.488118+00',	NULL),
                                                                                                                                         ('9d44b65b-7315-4c87-b4f6-e8335acdf552',	'58a4680d-01e8-44f6-877e-5e6c8a080106',	'Shaving legs',	'Hidden woman is shaving legs!',	'http://storage.bunnycdn.com/test-zone123',	666,	0,	't',	'2024-01-14 20:32:50.630869+00',	NULL),
                                                                                                                                         ('7ab92fd3-98ad-4c3e-9944-781828200612',	'58a4680d-01e8-44f6-877e-5e6c8a080106',	'Monster Mama',	'Mama is big and chonky!',	'http://storage.bunnycdn.com/test-zone123',	2003,	0,	't',	'2024-01-14 20:29:45.161901+00',	NULL);

INSERT INTO "video_categories" ("video_id", "category") VALUES
                                                            ('86379077-e785-446a-831a-522e0dda0ff5',	'FETISH'),
                                                            ('d522f3cb-2946-48b5-bc96-6f87384f4b1e',	'SOLO'),
                                                            ('7c48bcf2-b8b8-4088-86a4-8d4822d9a231',	'VANILLA'),
                                                            ('7ab92fd3-98ad-4c3e-9944-781828200612',	'VANILLA'),
                                                            ('9d44b65b-7315-4c87-b4f6-e8335acdf552',	'VANILLA'),
                                                            ('86379077-e785-446a-831a-522e0dda0ff5',	'VANILLA');

INSERT INTO "rating" ("author_id", "video_id", "liked", "created_at") VALUES
                                                                          ('43d1d678-521e-4194-a5d6-59ecc89931ea',	'd522f3cb-2946-48b5-bc96-6f87384f4b1e',	't',	'2024-01-14 20:43:01.944742+00'),
                                                                          ('43d1d678-521e-4194-a5d6-59ecc89931ea',	'86379077-e785-446a-831a-522e0dda0ff5',	't',	'2024-01-14 20:43:21.239748+00'),
                                                                          ('43d1d678-521e-4194-a5d6-59ecc89931ea',	'9d44b65b-7315-4c87-b4f6-e8335acdf552',	't',	'2024-01-14 20:43:32.520428+00'),
                                                                          ('43d1d678-521e-4194-a5d6-59ecc89931ea',	'7ab92fd3-98ad-4c3e-9944-781828200612',	't',	'2024-01-14 20:43:56.770423+00'),
                                                                          ('d9b7e061-9966-4d0e-a90f-aa9895063384',	'86379077-e785-446a-831a-522e0dda0ff5',	'f',	'2024-01-14 20:44:41.703631+00'),
                                                                          ('43373b52-3c4e-444f-a609-d7fccebe8e81',	'86379077-e785-446a-831a-522e0dda0ff5',	'f',	'2024-01-14 20:45:18.639094+00'),
                                                                          ('58a4680d-01e8-44f6-877e-5e6c8a080106',	'9d44b65b-7315-4c87-b4f6-e8335acdf552',	'f',	'2024-01-14 20:45:50.88044+00'),
                                                                          ('d9b7e061-9966-4d0e-a90f-aa9895063384',	'9d44b65b-7315-4c87-b4f6-e8335acdf552',	'f',	'2024-01-14 20:46:16.665108+00'),
                                                                          ('43373b52-3c4e-444f-a609-d7fccebe8e81',	'9d44b65b-7315-4c87-b4f6-e8335acdf552',	'f',	'2024-01-14 20:46:29.524521+00');

INSERT INTO "subscription" ("subscriber_id", "author_id", "created_at") VALUES
                                                                            ('43d1d678-521e-4194-a5d6-59ecc89931ea',	'58a4680d-01e8-44f6-877e-5e6c8a080106',	'2024-01-14 20:37:50.699003+00'),
                                                                            ('d9b7e061-9966-4d0e-a90f-aa9895063384',	'58a4680d-01e8-44f6-877e-5e6c8a080106',	'2024-01-14 20:38:08.492193+00'),
                                                                            ('43373b52-3c4e-444f-a609-d7fccebe8e81',	'd9b7e061-9966-4d0e-a90f-aa9895063384',	'2024-01-14 20:38:37.072822+00'),
                                                                            ('43373b52-3c4e-444f-a609-d7fccebe8e81',	'58a4680d-01e8-44f6-877e-5e6c8a080106',	'2024-01-14 20:38:58.832131+00');

INSERT INTO "comment" ("id", "author_id", "video_id", "content", "created_at", "deleted_at") VALUES
                                                                                                 ('a0b18fc9-6921-443a-990a-04aba5a7e90f',	'43373b52-3c4e-444f-a609-d7fccebe8e81',	'9d44b65b-7315-4c87-b4f6-e8335acdf552',	'Sheet, I came!',	'2024-01-14 21:46:32.755358+00',	NULL),
                                                                                                 ('fbe182a7-0ae1-40ef-b1b7-2e6f58aee2b0',	'43373b52-3c4e-444f-a609-d7fccebe8e81',	'9d44b65b-7315-4c87-b4f6-e8335acdf552',	'I wanna lick her!',	'2024-01-14 21:47:05.24255+00',	NULL),
                                                                                                 ('d89c2627-9206-4fc6-97a3-c5970f64181f',	'43373b52-3c4e-444f-a609-d7fccebe8e81',	'7ab92fd3-98ad-4c3e-9944-781828200612',	'Oh yeah baby. My kind of Size!',	'2024-01-14 22:01:12.243262+00',	NULL),
                                                                                                 ('13bfa376-0bd0-451a-8c41-3a914086c148',	'43373b52-3c4e-444f-a609-d7fccebe8e81',	'86379077-e785-446a-831a-522e0dda0ff5',	'Sigh.... unzips.',	'2024-01-14 22:01:29.841256+00',	NULL),
                                                                                                 ('6c716af5-f2ba-45b4-80cb-b1474ea6a6a6',	'58a4680d-01e8-44f6-877e-5e6c8a080106',	'd522f3cb-2946-48b5-bc96-6f87384f4b1e',	'If you want me, just text me. And prepare your credit card!',	'2024-01-14 22:02:27.245065+00',	NULL),
                                                                                                 ('35f0cb38-5323-42ea-96c7-684246185c7c',	'58a4680d-01e8-44f6-877e-5e6c8a080106',	'7c48bcf2-b8b8-4088-86a4-8d4822d9a231',	'If you want me, just text me. And prepare your credit card!',	'2024-01-14 22:02:39.464405+00',	NULL),
                                                                                                 ('bc17bbf0-5f43-40a3-aa9e-430704a060d8',	'd9b7e061-9966-4d0e-a90f-aa9895063384',	'7c48bcf2-b8b8-4088-86a4-8d4822d9a231',	'This is the best there is? Seriously?!',	'2024-01-14 22:03:40.198242+00',	NULL),
                                                                                                 ('57774dad-b059-45b4-9367-a3f937c024b8',	'43d1d678-521e-4194-a5d6-59ecc89931ea',	'86379077-e785-446a-831a-522e0dda0ff5',	'And that is enough internet for today!',	'2024-01-14 22:05:09.331241+00',	NULL);